{
  "paper": {
    "title": "Towards Multi-agent Reinforcement Learning based Traffic Signal Control through Spatio-temporal Hypergraphs",
    "method": "Benchmark-fair single-intersection MA-SAC adaptation"
  },
  "setup": {
    "mode": "normal",
    "episodes": 500,
    "eval_episodes": 30,
    "actions": {
      "0": {
        "name": "NS Straight",
        "sumo_phase_index": 0
      },
      "1": {
        "name": "NS Left / U-turn",
        "sumo_phase_index": 2
      },
      "2": {
        "name": "EW Straight",
        "sumo_phase_index": 4
      },
      "3": {
        "name": "EW Left / U-turn",
        "sumo_phase_index": 6
      }
    }
  },
  "summary": {
    "eval_reward_mean": -25.892594554419237,
    "eval_reward_std": 1.2517570678493486,
    "eval_avg_queue_length": 1.079074074074074,
    "eval_avg_waiting_time": 21.60156949007953,
    "eval_total_throughput": 1722.3333333333333,
    "eval_total_delay": 31077.333333333332,
    "eval_phase_changes": 330.06666666666666
  },
  "eval_rows": [
    {
      "seed": 142,
      "reward": -25.516742728240974,
      "avg_queue_length": 1.070486111111111,
      "avg_waiting_time": 20.8888811800215,
      "total_throughput": 1741.0,
      "total_delay": 30830.0,
      "phase_changes": 333.0,
      "action_histogram": {
        "0": 123,
        "1": 50,
        "2": 122,
        "3": 65
      },
      "mean_action_probabilities": [
        0.3028973969776934,
        0.17822162170887448,
        0.37665173190034695,
        0.14222924933060335
      ]
    },
    {
      "seed": 143,
      "reward": -25.826325548655454,
      "avg_queue_length": 1.0767361111111111,
      "avg_waiting_time": 21.596849375300938,
      "total_throughput": 1747.0,
      "total_delay": 31010.0,
      "phase_changes": 333.0,
      "action_histogram": {
        "0": 121,
        "1": 42,
        "2": 131,
        "3": 66
      },
      "mean_action_probabilities": [
        0.31427858819273397,
        0.1601286960301338,
        0.38238137309716774,
        0.14321134418132922
      ]
    },
    {
      "seed": 144,
      "reward": -25.184028183226925,
      "avg_queue_length": 1.0774305555555554,
      "avg_waiting_time": 21.362216896480984,
      "total_throughput": 1803.0,
      "total_delay": 31030.0,
      "phase_changes": 330.0,
      "action_histogram": {
        "0": 120,
        "1": 48,
        "2": 129,
        "3": 63
      },
      "mean_action_probabilities": [
        0.30209845222849857,
        0.17041757315260622,
        0.38641285025974464,
        0.14107112140443434
      ]
    },
    {
      "seed": 145,
      "reward": -26.809856797807093,
      "avg_queue_length": 1.1229166666666666,
      "avg_waiting_time": 22.395625450876025,
      "total_throughput": 1753.0,
      "total_delay": 32340.0,
      "phase_changes": 336.0,
      "action_histogram": {
        "0": 125,
        "1": 46,
        "2": 126,
        "3": 63
      },
      "mean_action_probabilities": [
        0.3213934458143563,
        0.16276561565281464,
        0.36607890184960623,
        0.14976203685407571
      ]
    },
    {
      "seed": 146,
      "reward": -26.256099642382214,
      "avg_queue_length": 1.0944444444444446,
      "avg_waiting_time": 21.343838087717693,
      "total_throughput": 1706.0,
      "total_delay": 31520.0,
      "phase_changes": 337.0,
      "action_histogram": {
        "0": 119,
        "1": 54,
        "2": 117,
        "3": 70
      },
      "mean_action_probabilities": [
        0.27971275582413,
        0.1908798195140232,
        0.3784337149542302,
        0.1509737097805118
      ]
    },
    {
      "seed": 147,
      "reward": -26.26518693518497,
      "avg_queue_length": 1.1135416666666667,
      "avg_waiting_time": 22.240685239103104,
      "total_throughput": 1717.0,
      "total_delay": 32070.0,
      "phase_changes": 322.0,
      "action_histogram": {
        "0": 116,
        "1": 47,
        "2": 130,
        "3": 67
      },
      "mean_action_probabilities": [
        0.3001504170259965,
        0.17246100475364892,
        0.3757109060945368,
        0.15167767209822777
      ]
    },
    {
      "seed": 148,
      "reward": -26.745614273040665,
      "avg_queue_length": 1.1208333333333333,
      "avg_waiting_time": 21.483651373121475,
      "total_throughput": 1758.0,
      "total_delay": 32280.0,
      "phase_changes": 343.0,
      "action_histogram": {
        "0": 121,
        "1": 54,
        "2": 115,
        "3": 70
      },
      "mean_action_probabilities": [
        0.2872452771687592,
        0.18836400348188206,
        0.37399457691386084,
        0.15039614440318208
      ]
    },
    {
      "seed": 149,
      "reward": -27.818047519262638,
      "avg_queue_length": 1.1576388888888889,
      "avg_waiting_time": 22.15987040731642,
      "total_throughput": 1738.0,
      "total_delay": 33340.0,
      "phase_changes": 329.0,
      "action_histogram": {
        "0": 122,
        "1": 47,
        "2": 126,
        "3": 65
      },
      "mean_action_probabilities": [
        0.3193387500324257,
        0.16238803898829035,
        0.363458223513064,
        0.15481498795973375
      ]
    },
    {
      "seed": 150,
      "reward": -25.40627875202922,
      "avg_queue_length": 1.0600694444444445,
      "avg_waiting_time": 21.519396699799433,
      "total_throughput": 1714.0,
      "total_delay": 30530.0,
      "phase_changes": 326.0,
      "action_histogram": {
        "0": 123,
        "1": 46,
        "2": 131,
        "3": 60
      },
      "mean_action_probabilities": [
        0.30890576557062055,
        0.17131238175768135,
        0.37683020521839755,
        0.14295164952090533
      ]
    },
    {
      "seed": 151,
      "reward": -26.34012102001339,
      "avg_queue_length": 1.0986111111111112,
      "avg_waiting_time": 21.146043038368227,
      "total_throughput": 1736.0,
      "total_delay": 31640.0,
      "phase_changes": 336.0,
      "action_histogram": {
        "0": 121,
        "1": 51,
        "2": 118,
        "3": 70
      },
      "mean_action_probabilities": [
        0.302672599644307,
        0.17678656707549728,
        0.3636279844241977,
        0.15691284861488775
      ]
    },
    {
      "seed": 152,
      "reward": -25.174758620241857,
      "avg_queue_length": 1.03125,
      "avg_waiting_time": 22.030472021632725,
      "total_throughput": 1669.0,
      "total_delay": 29700.0,
      "phase_changes": 324.0,
      "action_histogram": {
        "0": 122,
        "1": 43,
        "2": 131,
        "3": 64
      },
      "mean_action_probabilities": [
        0.30299633977950485,
        0.16344282020085546,
        0.38272050368007815,
        0.15084033875581754
      ]
    },
    {
      "seed": 153,
      "reward": -26.968051798484733,
      "avg_queue_length": 1.1347222222222222,
      "avg_waiting_time": 22.828145241737367,
      "total_throughput": 1750.0,
      "total_delay": 32680.0,
      "phase_changes": 337.0,
      "action_histogram": {
        "0": 121,
        "1": 46,
        "2": 128,
        "3": 65
      },
      "mean_action_probabilities": [
        0.3085241725218389,
        0.16368863081538734,
        0.3830281038516963,
        0.1447590919437521
      ]
    },
    {
      "seed": 154,
      "reward": -24.842319502474613,
      "avg_queue_length": 1.0239583333333333,
      "avg_waiting_time": 21.398922446038988,
      "total_throughput": 1685.0,
      "total_delay": 29490.0,
      "phase_changes": 327.0,
      "action_histogram": {
        "0": 120,
        "1": 47,
        "2": 127,
        "3": 66
      },
      "mean_action_probabilities": [
        0.3003230571993135,
        0.1720751647012473,
        0.3769558110709719,
        0.1506459676967657
      ]
    },
    {
      "seed": 155,
      "reward": -24.776254654237206,
      "avg_queue_length": 1.0447916666666666,
      "avg_waiting_time": 21.02468991809421,
      "total_throughput": 1699.0,
      "total_delay": 30090.0,
      "phase_changes": 324.0,