{
  "episode_reward": [
    -115.08850281576653,
    -120.12367031387505,
    -108.79802419056008,
    -113.21829534734478,
    -108.03485964709677,
    -119.44361387901172,
    -112.62463042274585,
    -105.55896184250818,
    -109.25098064927298,
    -109.33216859074025
  ],
  "avg_queue_length": [
    0.25,
    1.25,
    1.0,
    0.5,
    0.75,
    1.25,
    0.0,
    0.5,
    1.0,
    0.0
  ],
  "avg_waiting_time": [
    10.986961028683517,
    11.115158659087287,
    10.430856831040646,
    10.628197783910565,
    9.889462457448245,
    10.93317365669128,
    10.2188367815978,
    9.329444184193594,
    9.564942514656318,
    10.017211482748388
  ],
  "total_throughput": [
    5814.0,
    5831.0,
    5659.0,
    5804.0,
    5700.0,
    5861.0,
    5693.0,
    5795.0,
    5765.0,
    5736.0
  ],
  "phase_changes": [
    1818.0,
    1752.0,
    1833.0,
    1804.0,
    1810.0,
    1797.0,
    1845.0,
    1788.0,
    1877.0,
    1828.0
  ]
}